{
  "A": {
    "precision": 0.9403409090909091,
    "recall": 1.0,
    "f1-score": 0.9692532942898975,
    "support": 331.0
  },
  "B": {
    "precision": 0.9975728155339806,
    "recall": 0.9513888888888888,
    "f1-score": 0.9739336492890995,
    "support": 432.0
  },
  "C": {
    "precision": 1.0,
    "recall": 1.0,
    "f1-score": 1.0,
    "support": 310.0
  },
  "D": {
    "precision": 1.0,
    "recall": 0.9959183673469387,
    "f1-score": 0.9979550102249489,
    "support": 245.0
  },
  "E": {
    "precision": 0.9568788501026694,
    "recall": 0.9357429718875502,
    "f1-score": 0.9461928934010152,
    "support": 498.0
  },
  "F": {
    "precision": 0.9762845849802372,
    "recall": 1.0,
    "f1-score": 0.988,
    "support": 247.0
  },
  "G": {
    "precision": 0.9418604651162791,
    "recall": 0.9310344827586207,
    "f1-score": 0.9364161849710982,
    "support": 348.0
  },
  "H": {
    "precision": 0.9411764705882353,
    "recall": 0.9541284403669725,
    "f1-score": 0.9476082004555809,
    "support": 436.0
  },
  "I": {
    "precision": 0.9253731343283582,
    "recall": 0.8611111111111112,
    "f1-score": 0.8920863309352518,
    "support": 288.0
  },
  "K": {
    "precision": 0.965625,
    "recall": 0.9335347432024169,
    "f1-score": 0.9493087557603687,
    "support": 331.0
  },
  "L": {
    "precision": 0.9247787610619469,
    "recall": 1.0,
    "f1-score": 0.960919540229885,
    "support": 209.0
  },
  "M": {
    "precision": 0.8808290155440415,
    "recall": 0.8629441624365483,
    "f1-score": 0.8717948717948718,
    "support": 394.0
  },
  "N": {
    "precision": 0.8782608695652174,
    "recall": 0.6941580756013745,
    "f1-score": 0.7754318618042226,
    "support": 291.0
  },
  "O": {
    "precision": 1.0,
    "recall": 0.991869918699187,
    "f1-score": 0.9959183673469387,
    "support": 246.0
  },
  "P": {
    "precision": 0.947945205479452,
    "recall": 0.9971181556195965,
    "f1-score": 0.9719101123595506,
    "support": 347.0
  },
  "Q": {
    "precision": 0.8190954773869347,
    "recall": 0.9939024390243902,
    "f1-score": 0.8980716253443526,
    "support": 164.0
  },
  "R": {
    "precision": 0.7573529411764706,
    "recall": 0.7152777777777778,
    "f1-score": 0.7357142857142858,
    "support": 144.0
  },
  "S": {
    "precision": 0.73828125,
    "recall": 0.7682926829268293,
    "f1-score": 0.7529880478087649,
    "support": 246.0
  },
  "T": {
    "precision": 0.9567901234567902,
    "recall": 0.625,
    "f1-score": 0.7560975609756098,
    "support": 248.0
  },
  "U": {
    "precision": 0.8552188552188552,
    "recall": 0.9548872180451128,
    "f1-score": 0.9023090586145648,
    "support": 266.0
  },
  "V": {
    "precision": 0.9197860962566845,
    "recall": 0.9942196531791907,
    "f1-score": 0.9555555555555556,
    "support": 346.0
  },
  "W": {
    "precision": 0.9074074074074074,
    "recall": 0.9514563106796117,
    "f1-score": 0.9289099526066351,
    "support": 206.0
  },
  "X": {
    "precision": 0.8244514106583072,
    "recall": 0.9850187265917603,
    "f1-score": 0.8976109215017065,
    "support": 267.0
  },
  "Y": {
    "precision": 0.8818181818181818,
    "recall": 0.8765060240963856,
    "f1-score": 0.879154078549849,
    "support": 332.0
  },
  "accuracy": 0.9209425543781372,
  "macro avg": {
    "precision": 0.9140469926987901,
    "recall": 0.9155629229266777,
    "f1-score": 0.9117975066472521,
    "support": 7172.0
  },
  "weighted avg": {
    "precision": 0.9227275772423565,
    "recall": 0.9209425543781372,
    "f1-score": 0.9192971357843067,
    "support": 7172.0
  }
}